[{"model": "contenttypes.contenttype", "pk": 1, "fields": {"app_label": "admin", "model": "logentry"}}, {"model": "contenttypes.contenttype", "pk": 2, "fields": {"app_label": "auth", "model": "permission"}}, {"model": "contenttypes.contenttype", "pk": 3, "fields": {"app_label": "auth", "model": "group"}}, {"model": "contenttypes.contenttype", "pk": 4, "fields": {"app_label": "auth", "model": "user"}}, {"model": "contenttypes.contenttype", "pk": 5, "fields": {"app_label": "contenttypes", "model": "contenttype"}}, {"model": "contenttypes.contenttype", "pk": 6, "fields": {"app_label": "sessions", "model": "session"}}, {"model": "contenttypes.contenttype", "pk": 7, "fields": {"app_label": "account", "model": "profile"}}, {"model": "contenttypes.contenttype", "pk": 8, "fields": {"app_label": "social_django", "model": "association"}}, {"model": "contenttypes.contenttype", "pk": 9, "fields": {"app_label": "social_django", "model": "code"}}, {"model": "contenttypes.contenttype", "pk": 10, "fields": {"app_label": "social_django", "model": "nonce"}}, {"model": "contenttypes.contenttype", "pk": 11, "fields": {"app_label": "social_django", "model": "usersocialauth"}}, {"model": "contenttypes.contenttype", "pk": 12, "fields": {"app_label": "social_django", "model": "partial"}}, {"model": "contenttypes.contenttype", "pk": 13, "fields": {"app_label": "memes", "model": "meme"}}, {"model": "contenttypes.contenttype", "pk": 14, "fields": {"app_label": "images", "model": "image"}}, {"model": "contenttypes.contenttype", "pk": 15, "fields": {"app_label": "thumbnail", "model": "kvstore"}}, {"model": "contenttypes.contenttype", "pk": 16, "fields": {"app_label": "account", "model": "contact"}}, {"model": "contenttypes.contenttype", "pk": 17, "fields": {"app_label": "actions", "model": "action"}}, {"model": "sessions.session", "pk": "5t460dkp7q5zji9pktopqf4gpfg192qr", "fields": {"session_data": "ZDA5YjZmNTQ0NjMwODIyNzM3ZTczNzIwMzk3ZjUxN2E5ZThiYmM3Mjp7Il9hdXRoX3VzZXJfaWQiOiI3IiwiX2F1dGhfdXNlcl9iYWNrZW5kIjoiZGphbmdvLmNvbnRyaWIuYXV0aC5iYWNrZW5kcy5Nb2RlbEJhY2tlbmQiLCJfYXV0aF91c2VyX2hhc2giOiI2M2RhMjAwNDNjMzA2OGJlMGQxODBlYWRlZGIxOTVjNjRmZDdjOGM2In0=", "expire_date": "2020-02-25T22:30:33.599Z"}}, {"model": "sessions.session", "pk": "bhmqsr6swc31q9ch2392xzr28az13ysy", "fields": {"session_data": "ZDQ3MWNiZmYyYTUzYWQ0ODIyOTk0NTJlMGExZjBiNDIwMzM1YzM0MDp7Imdvb2dsZS1vYXV0aDJfc3RhdGUiOiJrSGJQODFKdEdIWHRNQTRmOGw4amIyODltUXJhRks1eCJ9", "expire_date": "2020-02-22T00:50:30.773Z"}}, {"model": "sessions.session", "pk": "f2dnycfl398jbalc2buue7ogdhqvoiqc", "fields": {"session_data": "ZDA5YjZmNTQ0NjMwODIyNzM3ZTczNzIwMzk3ZjUxN2E5ZThiYmM3Mjp7Il9hdXRoX3VzZXJfaWQiOiI3IiwiX2F1dGhfdXNlcl9iYWNrZW5kIjoiZGphbmdvLmNvbnRyaWIuYXV0aC5iYWNrZW5kcy5Nb2RlbEJhY2tlbmQiLCJfYXV0aF91c2VyX2hhc2giOiI2M2RhMjAwNDNjMzA2OGJlMGQxODBlYWRlZGIxOTVjNjRmZDdjOGM2In0=", "expire_date": "2020-02-26T15:11:55.588Z"}}, {"model": "sessions.session", "pk": "i12rln4ixyf75y9qs832tpdkgvromozh", "fields": {"session_data": "OTVlMDhhOWJjZTczOTU5ZjQyZDNjNmEwNGVlNDc1N2JlMTExMDA5ZTp7Il9hdXRoX3VzZXJfaWQiOiIxIiwiX2F1dGhfdXNlcl9iYWNrZW5kIjoiZGphbmdvLmNvbnRyaWIuYXV0aC5iYWNrZW5kcy5Nb2RlbEJhY2tlbmQiLCJfYXV0aF91c2VyX2hhc2giOiI0MjQzMjJiOWRiNjI0ZWQ4NjE2Njg5OWNlMDYxYjk1YTA3ZmQ2ODBjIn0=", "expire_date": "2020-02-29T22:51:03.880Z"}}, {"model": "sessions.session", "pk": "oyny4bp1kzcpe9m43phhq70cnoajnok6", "fields": {"session_data": "OTVlMDhhOWJjZTczOTU5ZjQyZDNjNmEwNGVlNDc1N2JlMTExMDA5ZTp7Il9hdXRoX3VzZXJfaWQiOiIxIiwiX2F1dGhfdXNlcl9iYWNrZW5kIjoiZGphbmdvLmNvbnRyaWIuYXV0aC5iYWNrZW5kcy5Nb2RlbEJhY2tlbmQiLCJfYXV0aF91c2VyX2hhc2giOiI0MjQzMjJiOWRiNjI0ZWQ4NjE2Njg5OWNlMDYxYjk1YTA3ZmQ2ODBjIn0=", "expire_date": "2020-02-24T13:48:35.253Z"}}, {"model": "sessions.session", "pk": "wnuuvsp048hmanvq1qkjj137vwmrh73g", "fields": {"session_data": "OGExMjc4NDA0ZjU3NmQyYTVlNjdhMDMxYTI0MTM3NzQxZGQ1ZDYxYTp7Il9hdXRoX3VzZXJfaWQiOiI0IiwiX2F1dGhfdXNlcl9iYWNrZW5kIjoiZGphbmdvLmNvbnRyaWIuYXV0aC5iYWNrZW5kcy5Nb2RlbEJhY2tlbmQiLCJfYXV0aF91c2VyX2hhc2giOiIxMjk4MjFkNDNlZjdhMDIxZWU2Y2QyMzllNmZkMGZhYmJjMjU2ZTA4In0=", "expire_date": "2020-02-22T23:54:04.400Z"}}, {"model": "sessions.session", "pk": "yeu9ta80smjs8p1443zi7nq8v51aeffr", "fields": {"session_data": "OTVlMDhhOWJjZTczOTU5ZjQyZDNjNmEwNGVlNDc1N2JlMTExMDA5ZTp7Il9hdXRoX3VzZXJfaWQiOiIxIiwiX2F1dGhfdXNlcl9iYWNrZW5kIjoiZGphbmdvLmNvbnRyaWIuYXV0aC5iYWNrZW5kcy5Nb2RlbEJhY2tlbmQiLCJfYXV0aF91c2VyX2hhc2giOiI0MjQzMjJiOWRiNjI0ZWQ4NjE2Njg5OWNlMDYxYjk1YTA3ZmQ2ODBjIn0=", "expire_date": "2020-02-20T19:45:25.875Z"}}, {"model": "thumbnail.kvstore", "pk": "sorl-thumbnail||image||007eab09a237588c46b8e5af0001bf90", "fields": {"value": "{\"name\": \"cache/e2/f4/e2f41a9e76e57ad362a53cf784ceae0f.jpg\", \"storage\": \"django.core.files.storage.FileSystemStorage\", \"size\": [100, 100]}"}}, {"model": "thumbnail.kvstore", "pk": "sorl-thumbnail||image||019a0d3430beecb4c863a90b2c3247a4", "fields": {"value": "{\"name\": \"cache/4f/69/4f694000de0611b0c81d0589a8c35c2c.jpg\", \"storage\": \"django.core.files.storage.FileSystemStorage\", \"size\": [300, 300]}"}}, {"model": "thumbnail.kvstore", "pk": "sorl-thumbnail||image||01f162ab3534fce255bd43c4154a0e46", "fields": {"value": "{\"name\": \"cache/e8/3e/e83eb8c3027bb5bb4fc7eb5ca6bc22af.jpg\", \"storage\": \"django.core.files.storage.FileSystemStorage\", \"size\": [300, 300]}"}}, {"model": "thumbnail.kvstore", "pk": "sorl-thumbnail||image||01f9ac8511d4eaad8a4bdba28a4f196d", "fields": {"value": "{\"name\": \"cache/9f/5f/9f5f2cb5e051458e8d582c9a252cf6a8.jpg\", \"storage\": \"django.core.files.storage.FileSystemStorage\", \"size\": [80, 80]}"}}, {"model": "thumbnail.kvstore", "pk": "sorl-thumbnail||image||0370b108a2df4759d5ef3f2d37092868", "fields": {"value": "{\"name\": \"cache/27/7d/277d986dfe7e62b9a5884fa504fe2266.jpg\", \"storage\": \"django.core.files.storage.FileSystemStorage\", \"size\": [80, 80]}"}}, {"model": "thumbnail.kvstore", "pk": "sorl-thumbnail||image||03e63e1e9d69e6c9f741e375fa637ebc", "fields": {"value": "{\"name\": \"users/2020/02/08/sasha-freemind-nXo2ZsKHTHg-unsplash.jpg\", \"storage\": \"django.core.files.storage.FileSystemStorage\", \"size\": [3737, 2492]}"}}, {"model": "thumbnail.kvstore", "pk": "sorl-thumbnail||image||096089c43114a013d0000e52ce3a43c4", "fields": {"value": "{\"name\": \"cache/e9/b1/e9b14bf4c18e9b99947088c9a767b544.jpg\", \"storage\": \"django.core.files.storage.FileSystemStorage\", \"size\": [300, 300]}"}}, {"model": "thumbnail.kvstore", "pk": "sorl-thumbnail||image||1178ae3d0af277d762d16880cd57daae", "fields": {"value": "{\"name\": \"cache/bb/2c/bb2c527dc38627fa6474110a3fbeea15.jpg\", \"storage\": \"django.core.files.storage.FileSystemStorage\", \"size\": [40, 40]}"}}, {"model": "thumbnail.kvstore", "pk": "sorl-thumbnail||image||127af0b29a797e84e625ee0e1ae723f7", "fields": {"value": "{\"name\": \"images/2020/02/06/django-and-duke_RRAsDAR.jpg\", \"storage\": \"django.core.files.storage.FileSystemStorage\", \"size\": [658, 807]}"}}, {"model": "thumbnail.kvstore", "pk": "sorl-thumbnail||image||13776a199ea3eb18cabe4f19820b02e4", "fields": {"value": "{\"name\": \"cache/4c/48/4c48e316142bca088630c1ae18b61ad0.jpg\", \"storage\": \"django.core.files.storage.FileSystemStorage\", \"size\": [300, 300]}"}}, {"model": "thumbnail.kvstore", "pk": "sorl-thumbnail||image||147fe3b88bc278a5974f7d9c195b9f7c", "fields": {"value": "{\"name\": \"cache/ad/55/ad553146b2629ddcbc784d90b74f7a25.jpg\", \"storage\": \"django.core.files.storage.FileSystemStorage\", \"size\": [50, 50]}"}}, {"model": "thumbnail.kvstore", "pk": "sorl-thumbnail||image||15fe889d21277a6b203b7bd82ac0acd8", "fields": {"value": "{\"name\": \"cache/a9/81/a98189db842726ac2499811452b0b818.jpg\", \"storage\": \"django.core.files.storage.FileSystemStorage\", \"size\": [180, 180]}"}}, {"model": "thumbnail.kvstore", "pk": "sorl-thumbnail||image||179ed8ed5dc89115a43365c23f3c6e8e", "fields": {"value": "{\"name\": \"images/2020/02/06/reddit-the-front-page-of-the-internethotreddit-premium_p46IpnV.jpg\", \"storage\": \"django.core.files.storage.FileSystemStorage\", \"size\": [200, 200]}"}}, {"model": "thumbnail.kvstore", "pk": "sorl-thumbnail||image||1a214e44a2a299557c35d6decabcc7bf", "fields": {"value": "{\"name\": \"cache/8b/72/8b72637971a43a59dfb4cb1d5d8a8a4a.jpg\", \"storage\": \"django.core.files.storage.FileSystemStorage\", \"size\": [300, 169]}"}}, {"model": "thumbnail.kvstore", "pk": "sorl-thumbnail||image||1b99c97dafbbe345af681467e8085622", "fields": {"value": "{\"name\": \"cache/88/d0/88d0993b04f06894fec01b3ad6d730d5.jpg\", \"storage\": \"django.core.files.storage.FileSystemStorage\", \"size\": [80, 80]}"}}, {"model": "thumbnail.kvstore", "pk": "sorl-thumbnail||image||1d068c05b442ca536e70a3db816f492b", "fields": {"value": "{\"name\": \"cache/82/08/820882eb4b442bb5b139287dccf9f649.jpg\", \"storage\": \"django.core.files.storage.FileSystemStorage\", \"size\": [300, 266]}"}}, {"model": "thumbnail.kvstore", "pk": "sorl-thumbnail||image||207eecac5bf0a801d61f4591ec1d0f65", "fields": {"value": "{\"name\": \"cache/b9/de/b9debf3ba31a9388473dceed98684622.jpg\", \"storage\": \"django.core.files.storage.FileSystemStorage\", \"size\": [20, 20]}"}}, {"model": "thumbnail.kvstore", "pk": "sorl-thumbnail||image||2949e631ca1d5ac13159e1e08de6b8a2", "fields": {"value": "{\"name\": \"cache/24/e6/24e6f58b40a0281113d1966973060088.jpg\", \"storage\": \"django.core.files.storage.FileSystemStorage\", \"size\": [100, 100]}"}}, {"model": "thumbnail.kvstore", "pk": "sorl-thumbnail||image||29708d2fe9f20d0293b4a4d498d2a7e9", "fields": {"value": "{\"name\": \"cache/f2/ea/f2ea650801dad6b075511faed0bc412b.jpg\", \"storage\": \"django.core.files.storage.FileSystemStorage\", \"size\": [80, 80]}"}}, {"model": "thumbnail.kvstore", "pk": "sorl-thumbnail||image||2b983a143574fe9c03ce7bcf47a4ec1b", "fields": {"value": "{\"name\": \"cache/f9/86/f986e4ba58dd86d751dcedd739313e6a.jpg\", \"storage\": \"django.core.files.storage.FileSystemStorage\", \"size\": [100, 100]}"}}, {"model": "thumbnail.kvstore", "pk": "sorl-thumbnail||image||2c50512c2fe1fb58efb17112a8890cc8", "fields": {"value": "{\"name\": \"cache/fb/19/fb19fb6b3ef5d76004e20150171e5b5b.jpg\", \"storage\": \"django.core.files.storage.FileSystemStorage\", \"size\": [120, 120]}"}}, {"model": "thumbnail.kvstore", "pk": "sorl-thumbnail||image||2def588461893846f79002799986ce57", "fields": {"value": "{\"name\": \"cache/ea/80/ea80c9a7f1544d8c249b7b667bd4323e.jpg\", \"storage\": \"django.core.files.storage.FileSystemStorage\", \"size\": [150, 150]}"}}, {"model": "thumbnail.kvstore", "pk": "sorl-thumbnail||image||2ed16ee7ddf8b6e65976d0f8460f8223", "fields": {"value": "{\"name\": \"cache/f7/64/f7640647f9a57c11f644b995cf871290.jpg\", \"storage\": \"django.core.files.storage.FileSystemStorage\", \"size\": [150, 150]}"}}, {"model": "thumbnail.kvstore", "pk": "sorl-thumbnail||image||2f972e2a97a8818465c56e629f48c6f8", "fields": {"value": "{\"name\": \"cache/8b/41/8b41e5223f330bb2cfef0b91094398ae.jpg\", \"storage\": \"django.core.files.storage.FileSystemStorage\", \"size\": [40, 40]}"}}, {"model": "thumbnail.kvstore", "pk": "sorl-thumbnail||image||2fbb5e7983adcb602f484ee11f5edb2a", "fields": {"value": "{\"name\": \"cache/5d/3f/5d3fd34c6627464f4054b980a6a0acf3.jpg\", \"storage\": \"django.core.files.storage.FileSystemStorage\", \"size\": [80, 80]}"}}, {"model": "thumbnail.kvstore", "pk": "sorl-thumbnail||image||303f02a6cab123043cbb9aa421c95bd0", "fields": {"value": "{\"name\": \"cache/dc/de/dcde100e522490487d43d2be9b20787e.jpg\", \"storage\": \"django.core.files.storage.FileSystemStorage\", \"size\": [180, 180]}"}}, {"model": "thumbnail.kvstore", "pk": "sorl-thumbnail||image||33d8f9ee64d9d0e8c9bfdfdb4f57ae36", "fields": {"value": "{\"name\": \"cache/df/4d/df4dc0b9a9b2445d63a96693e058b8a7.jpg\", \"storage\": \"django.core.files.storage.FileSystemStorage\", \"size\": [300, 300]}"}}, {"model": "thumbnail.kvstore", "pk": "sorl-thumbnail||image||33e0b74ca1de2e6e6a606c96ed4fe869", "fields": {"value": "{\"name\": \"cache/15/df/15df541c141d4754dcd78b3cc2345678.jpg\", \"storage\": \"django.core.files.storage.FileSystemStorage\", \"size\": [300, 300]}"}}, {"model": "thumbnail.kvstore", "pk": "sorl-thumbnail||image||3415fe1e8c5e0c1a96ed34c60eae9cf6", "fields": {"value": "{\"name\": \"users/2020/02/08/jackson-david-I-mRsT0FVUw-unsplash.jpg\", \"storage\": \"django.core.files.storage.FileSystemStorage\", \"size\": [3856, 5784]}"}}, {"model": "thumbnail.kvstore", "pk": "sorl-thumbnail||image||346f0047381da7791244b698d38036f9", "fields": {"value": "{\"name\": \"cache/c5/11/c51105a380f52fed664afca9f5dcb22a.jpg\", \"storage\": \"django.core.files.storage.FileSystemStorage\", \"size\": [300, 300]}"}}, {"model": "thumbnail.kvstore", "pk": "sorl-thumbnail||image||386276333b6ddb5ec0575491dd8c52da", "fields": {"value": "{\"name\": \"images/2020/02/08/dad.jpg\", \"storage\": \"django.core.files.storage.FileSystemStorage\", \"size\": [1054, 919]}"}}, {"model": "thumbnail.kvstore", "pk": "sorl-thumbnail||image||3a42972d28202150a218c845202a7193", "fields": {"value": "{\"name\": \"cache/de/72/de72579a96eda0ac13b692ab1e7bdff5.jpg\", \"storage\": \"django.core.files.storage.FileSystemStorage\", \"size\": [300, 306]}"}}, {"model": "thumbnail.kvstore", "pk": "sorl-thumbnail||image||3b1ce0980b091532c977da4ebdd35d02", "fields": {"value": "{\"name\": \"cache/ea/67/ea67f95b32f1eb6ffec3720ea1897649.jpg\", \"storage\": \"django.core.files.storage.FileSystemStorage\", \"size\": [300, 300]}"}}, {"model": "thumbnail.kvstore", "pk": "sorl-thumbnail||image||3c1b6c8f8ddd6c88526ad63b3ae77c15", "fields": {"value": "{\"name\": \"cache/cf/56/cf5681abd0a2fd944acd68908afcf06d.jpg\", \"storage\": \"django.core.files.storage.FileSystemStorage\", \"size\": [40, 40]}"}}, {"model": "thumbnail.kvstore", "pk": "sorl-thumbnail||image||3ff708bf016641b57cdf85a65dfef22f", "fields": {"value": "{\"name\": \"cache/43/14/431474182f320e241ef35008e33ae4cf.jpg\", \"storage\": \"django.core.files.storage.FileSystemStorage\", \"size\": [300, 300]}"}}, {"model": "thumbnail.kvstore", "pk": "sorl-thumbnail||image||4362be4c24813de3ab63851fbacd3093", "fields": {"value": "{\"name\": \"images/2020/02/06/django-and-duke.jpg\", \"storage\": \"django.core.files.storage.FileSystemStorage\", \"size\": [658, 807]}"}}, {"model": "thumbnail.kvstore", "pk": "sorl-thumbnail||image||43977bbf0afde7502de04fe121c78bc8", "fields": {"value": "{\"name\": \"cache/c1/a6/c1a6942f9372fae17b222c733ef4147c.jpg\", \"storage\": \"django.core.files.storage.FileSystemStorage\", \"size\": [300, 300]}"}}, {"model": "thumbnail.kvstore", "pk": "sorl-thumbnail||image||43cc1f613c52e0ccb743934ff544f0f6", "fields": {"value": "{\"name\": \"cache/9a/cc/9accc77108cf7c96a376b390cd48ab2a.jpg\", \"storage\": \"django.core.files.storage.FileSystemStorage\", \"size\": [300, 300]}"}}, {"model": "thumbnail.kvstore", "pk": "sorl-thumbnail||image||47fa08f590eee3a6214f0d8a2e255f7f", "fields": {"value": "{\"name\": \"cache/7b/c0/7bc0e864c85bbeae353ac2f1e34ae01d.jpg\", \"storage\": \"django.core.files.storage.FileSystemStorage\", \"size\": [40, 40]}"}}, {"model": "thumbnail.kvstore", "pk": "sorl-thumbnail||image||484f6b34b5728b8368e72f63e31df3c6", "fields": {"value": "{\"name\": \"cache/fb/e4/fbe4cf01d2ede506eccef57ecd6b6369.jpg\", \"storage\": \"django.core.files.storage.FileSystemStorage\", \"size\": [300, 300]}"}}, {"model": "thumbnail.kvstore", "pk": "sorl-thumbnail||image||4a247918d6181c27b895ab796d40f8d6", "fields": {"value": "{\"name\": \"images/2020/02/07/9gag-meme.jpg\", \"storage\": \"django.core.files.storage.FileSystemStorage\", \"size\": [100, 100]}"}}, {"model": "thumbnail.kvstore", "pk": "sorl-thumbnail||image||4aadb8c9bf0ad11a37100f67adf276a4", "fields": {"value": "{\"name\": \"cache/57/40/574090148497d6fe02049080612d69cd.jpg\", \"storage\": \"django.core.files.storage.FileSystemStorage\", \"size\": [80, 80]}"}}, {"model": "thumbnail.kvstore", "pk": "sorl-thumbnail||image||4affdc089ecc3cefe04d402fb88a5b93", "fields": {"value": "{\"name\": \"cache/15/3b/153b3be1c65e66b6c35378d0626e0fc4.jpg\", \"storage\": \"django.core.files.storage.FileSystemStorage\", \"size\": [180, 180]}"}}, {"model": "thumbnail.kvstore", "pk": "sorl-thumbnail||image||4c36c72a0a9588a6926439c1039766f1", "fields": {"value": "{\"name\": \"cache/d5/06/d50631fd381fad09fcf4c024b6af7789.jpg\", \"storage\": \"django.core.files.storage.FileSystemStorage\", \"size\": [100, 100]}"}}, {"model": "thumbnail.kvstore", "pk": "sorl-thumbnail||image||4e9e5e4a844870f1829aa584cb7afb3e", "fields": {"value": "{\"name\": \"cache/69/86/69862413666b6675bc779cd7d9e5e701.jpg\", \"storage\": \"django.core.files.storage.FileSystemStorage\", \"size\": [300, 300]}"}}, {"model": "thumbnail.kvstore", "pk": "sorl-thumbnail||image||5348347687b51999a5b25ceadcda8d14", "fields": {"value": "{\"name\": \"images/2020/02/07/keanu.jpg\", \"storage\": \"django.core.files.storage.FileSystemStorage\", \"size\": [100, 100]}"}}, {"model": "thumbnail.kvstore", "pk": "sorl-thumbnail||image||55f9b8179d3720b29f91998a19130b82", "fields": {"value": "{\"name\": \"cache/49/58/4958ec443dcc9c1c4e2be39faf8e7e7c.jpg\", \"storage\": \"django.core.files.storage.FileSystemStorage\", \"size\": [120, 120]}"}}, {"model": "thumbnail.kvstore", "pk": "sorl-thumbnail||image||5c728612c73cbf1bb7a9ac41cfc6b817", "fields": {"value": "{\"name\": \"images/2020/02/07/fefafke.jpg\", \"storage\": \"django.core.files.storage.FileSystemStorage\", \"size\": [1280, 720]}"}}, {"model": "thumbnail.kvstore", "pk": "sorl-thumbnail||image||5e7d647c2dc8738a8945989f118fa7d7", "fields": {"value": "{\"name\": \"images/2020/02/06/reddit-the-front-page-of-the-internethotreddit-premium.jpg\", \"storage\": \"django.core.files.storage.FileSystemStorage\", \"size\": [800, 694]}"}}, {"model": "thumbnail.kvstore", "pk": "sorl-thumbnail||image||63e86cf928d71a07a35a7132cf617517", "fields": {"value": "{\"name\": \"cache/7c/17/7c17bc5fde1f3100f3990d0c377fc374.jpg\", \"storage\": \"django.core.files.storage.FileSystemStorage\", \"size\": [180, 180]}"}}, {"model": "thumbnail.kvstore", "pk": "sorl-thumbnail||image||68cd67adafe1dfaf1dcc2f30ab4535ff", "fields": {"value": "{\"name\": \"cache/46/cd/46cd37d1581dff1cd5e6a543253aaf73.jpg\", \"storage\": \"django.core.files.storage.FileSystemStorage\", \"size\": [150, 150]}"}}, {"model": "thumbnail.kvstore", "pk": "sorl-thumbnail||image||6bd41ae606f310977450b0ac80a2097e", "fields": {"value": "{\"name\": \"cache/90/46/904621e5360e831c200c7f2419604e04.jpg\", \"storage\": \"django.core.files.storage.FileSystemStorage\", \"size\": [150, 150]}"}}, {"model": "thumbnail.kvstore", "pk": "sorl-thumbnail||image||6c65c8745482df760a020c22497ace06", "fields": {"value": "{\"name\": \"cache/cc/b7/ccb7ab38d3b85a5b028acc6318e10bc5.jpg\", \"storage\": \"django.core.files.storage.FileSystemStorage\", \"size\": [300, 300]}"}}, {"model": "thumbnail.kvstore", "pk": "sorl-thumbnail||image||6cae05bd2d46f7261cce2f45f6ab065e", "fields": {"value": "{\"name\": \"cache/c6/32/c632529899a9b4026b681e44f6116d03.jpg\", \"storage\": \"django.core.files.storage.FileSystemStorage\", \"size\": [40, 40]}"}}, {"model": "thumbnail.kvstore", "pk": "sorl-thumbnail||image||6d3327764ebb9b2fb8bb3a72b0e04123", "fields": {"value": "{\"name\": \"cache/f0/f2/f0f2ee10598fe47350b5f059ef9acd0c.jpg\", \"storage\": \"django.core.files.storage.FileSystemStorage\", \"size\": [300, 300]}"}}, {"model": "thumbnail.kvstore", "pk": "sorl-thumbnail||image||6ecfb3330c95d5c51198c4ad10a06c25", "fields": {"value": "{\"name\": \"cache/5d/0d/5d0d21cf4b7d4759547377cb80315c01.jpg\", \"storage\": \"django.core.files.storage.FileSystemStorage\", \"size\": [300, 300]}"}}, {"model": "thumbnail.kvstore", "pk": "sorl-thumbnail||image||6f9507ad4a1798b222cd41512e09d8d3", "fields": {"value": "{\"name\": \"images/2020/02/06/amazoncombr-compre-livros-informatica-tvs-casa-cozinha-kindle-echo-e-fire-tv.jpg\", \"storage\": \"django.core.files.storage.FileSystemStorage\", \"size\": [1500, 600]}"}}, {"model": "thumbnail.kvstore", "pk": "sorl-thumbnail||image||6ff786a8078b82623fd97bdbd2085ef0", "fields": {"value": "{\"name\": \"cache/7d/85/7d857832bdb3e99f2fe47c919ea9593d.jpg\", \"storage\": \"django.core.files.storage.FileSystemStorage\", \"size\": [150, 150]}"}}, {"model": "thumbnail.kvstore", "pk": "sorl-thumbnail||image||75fbdfea4b2b8e6f1169272663962369", "fields": {"value": "{\"name\": \"cache/b9/99/b9994f9328b7d99becc09f41353a1385.jpg\", \"storage\": \"django.core.files.storage.FileSystemStorage\", \"size\": [50, 50]}"}}, {"model": "thumbnail.kvstore", "pk": "sorl-thumbnail||image||7688ee16df632d5860724061e9792570", "fields": {"value": "{\"name\": \"cache/bc/0d/bc0dee6f0e49decada0e7584852505cc.jpg\", \"storage\": \"django.core.files.storage.FileSystemStorage\", \"size\": [300, 300]}"}}, {"model": "thumbnail.kvstore", "pk": "sorl-thumbnail||image||7ae7ad17a8d53e2f04b196a9f32de753", "fields": {"value": "{\"name\": \"users/2020/02/10/sasha-freemind-nXo2ZsKHTHg-unsplash.jpg\", \"storage\": \"django.core.files.storage.FileSystemStorage\", \"size\": [3737, 2492]}"}}, {"model": "thumbnail.kvstore", "pk": "sorl-thumbnail||image||816e6172369946a249b63d50f62eb951", "fields": {"value": "{\"name\": \"cache/33/1a/331aa0794bb2e29e44a992c068857570.jpg\", \"storage\": \"django.core.files.storage.FileSystemStorage\", \"size\": [40, 40]}"}}, {"model": "thumbnail.kvstore", "pk": "sorl-thumbnail||image||8459c3ca164f5eae69e0a2fd0ef0f94c", "fields": {"value": "{\"name\": \"cache/d6/62/d662b08f6b90dcc4ff8df8ccf662a8eb.jpg\", \"storage\": \"django.core.files.storage.FileSystemStorage\", \"size\": [300, 368]}"}}, {"model": "thumbnail.kvstore", "pk": "sorl-thumbnail||image||84fa9363361ebd43eec599b65a7e4716", "fields": {"value": "{\"name\": \"images/2020/02/10/9gag-meme.jpg\", \"storage\": \"django.core.files.storage.FileSystemStorage\", \"size\": [100, 100]}"}}, {"model": "thumbnail.kvstore", "pk": "sorl-thumbnail||image||856b1bf23c51ed84a438a70d4354c729", "fields": {"value": "{\"name\": \"cache/3d/7c/3d7ca4e1f9888c87d2900bddcef4f435.jpg\", \"storage\": \"django.core.files.storage.FileSystemStorage\", \"size\": [80, 80]}"}}, {"model": "thumbnail.kvstore", "pk": "sorl-thumbnail||image||85943fd25faf5970aeb85f0679dd7af1", "fields": {"value": "{\"name\": \"cache/35/18/35186f9a03c3ff00a82654db33567a16.jpg\", \"storage\": \"django.core.files.storage.FileSystemStorage\", \"size\": [80, 80]}"}}, {"model": "thumbnail.kvstore", "pk": "sorl-thumbnail||image||8a7aef07f06681be7e48fbd0d24f62a0", "fields": {"value": "{\"name\": \"images/2020/02/06/django-and-duke_SFgHR7y.jpg\", \"storage\": \"django.core.files.storage.FileSystemStorage\", \"size\": [658, 807]}"}}, {"model": "thumbnail.kvstore", "pk": "sorl-thumbnail||image||8bbfd01a27dfb7433f1743ae4ea8b97b", "fields": {"value": "{\"name\": \"cache/2b/aa/2baa2efcec2f6fb98c5652922985d285.jpg\", \"storage\": \"django.core.files.storage.FileSystemStorage\", \"size\": [300, 300]}"}}, {"model": "thumbnail.kvstore", "pk": "sorl-thumbnail||image||8d659cd9f0c50b8ecdfd2653107bc39b", "fields": {"value": "{\"name\": \"users/2020/02/08/kindpng_4212792_fF2YYFN.png\", \"storage\": \"django.core.files.storage.FileSystemStorage\", \"size\": [639, 640]}"}}, {"model": "thumbnail.kvstore", "pk": "sorl-thumbnail||image||8ef07c74deb76e72b1e2bfe366025e17", "fields": {"value": "{\"name\": \"cache/5d/f8/5df81bbbf655667f2f6680449ab6da0e.jpg\", \"storage\": \"django.core.files.storage.FileSystemStorage\", \"size\": [80, 80]}"}}, {"model": "thumbnail.kvstore", "pk": "sorl-thumbnail||image||92377212af0a218d294de44e62f5e75c", "fields": {"value": "{\"name\": \"cache/a1/36/a13697a0fdb003a0a171a58a00b2d50a.jpg\", \"storage\": \"django.core.files.storage.FileSystemStorage\", \"size\": [120, 120]}"}}, {"model": "thumbnail.kvstore", "pk": "sorl-thumbnail||image||997b2a48c4cd7e50703476463e00a834", "fields": {"value": "{\"name\": \"cache/f0/e8/f0e830764bca54513112ef8b0038763f.jpg\", \"storage\": \"django.core.files.storage.FileSystemStorage\", \"size\": [80, 80]}"}}, {"model": "thumbnail.kvstore", "pk": "sorl-thumbnail||image||9b1e20d831314a8faa9580e60ca47f85", "fields": {"value": "{\"name\": \"cache/a0/69/a0691a709bfb0bf5317072ca8a953fff.jpg\", \"storage\": \"django.core.files.storage.FileSystemStorage\", \"size\": [300, 300]}"}}, {"model": "thumbnail.kvstore", "pk": "sorl-thumbnail||image||9be0de29e3f0465ddd75af5de631ab18", "fields": {"value": "{\"name\": \"cache/ce/43/ce4327a02fb6799292feab59c0541ab2.jpg\", \"storage\": \"django.core.files.storage.FileSystemStorage\", \"size\": [300, 298]}"}}, {"model": "thumbnail.kvstore", "pk": "sorl-thumbnail||image||9c3a53c228a4bd4bab0e568a1023b71f", "fields": {"value": "{\"name\": \"images/2020/02/11/3.jpg\", \"storage\": \"django.core.files.storage.FileSystemStorage\", \"size\": [1045, 927]}"}}, {"model": "thumbnail.kvstore", "pk": "sorl-thumbnail||image||9e4a53ab65fd3869b79e7e3cbb615411", "fields": {"value": "{\"name\": \"cache/bd/2a/bd2a2c9d61a3d88a6d77bcaea2c2553d.jpg\", \"storage\": \"django.core.files.storage.FileSystemStorage\", \"size\": [80, 80]}"}}, {"model": "thumbnail.kvstore", "pk": "sorl-thumbnail||image||9e6266de37967d183950391af2a79e39", "fields": {"value": "{\"name\": \"cache/b1/57/b1579c8b12e72d8298fb956611c8c72f.jpg\", \"storage\": \"django.core.files.storage.FileSystemStorage\", \"size\": [100, 100]}"}}, {"model": "thumbnail.kvstore", "pk": "sorl-thumbnail||image||a3c58ba52fd309bf8a604e9873256c3a", "fields": {"value": "{\"name\": \"images/2020/02/11/2.jpg\", \"storage\": \"django.core.files.storage.FileSystemStorage\", \"size\": [750, 766]}"}}, {"model": "thumbnail.kvstore", "pk": "sorl-thumbnail||image||a4183f851b837ae6ebfa4950f0fcb682", "fields": {"value": "{\"name\": \"cache/76/b4/76b4005df1baa1782c275cee6551c75a.jpg\", \"storage\": \"django.core.files.storage.FileSystemStorage\", \"size\": [100, 100]}"}}, {"model": "thumbnail.kvstore", "pk": "sorl-thumbnail||image||a4834550b17ef69971c863c2418699fc", "fields": {"value": "{\"name\": \"cache/e4/7c/e47c4e357bab5d3950a93451e4aef675.jpg\", \"storage\": \"django.core.files.storage.FileSystemStorage\", \"size\": [50, 50]}"}}, {"model": "thumbnail.kvstore", "pk": "sorl-thumbnail||image||a4d36eabe5442b583f6ce3d4eea8f122", "fields": {"value": "{\"name\": \"cache/7b/04/7b04f77fc841f8dc135f99bba27742b8.jpg\", \"storage\": \"django.core.files.storage.FileSystemStorage\", \"size\": [300, 300]}"}}, {"model": "thumbnail.kvstore", "pk": "sorl-thumbnail||image||a831149fdb18c49ccd0590529c379829", "fields": {"value": "{\"name\": \"users/2020/02/08/kindpng_4212792.png\", \"storage\": \"django.core.files.storage.FileSystemStorage\", \"size\": [639, 640]}"}}, {"model": "thumbnail.kvstore", "pk": "sorl-thumbnail||image||a9a99c0fd2f53ee13ab6bcdcbbe3dd73", "fields": {"value": "{\"name\": \"cache/36/0a/360aab14abc39fc15595dbcccfd2265a.jpg\", \"storage\": \"django.core.files.storage.FileSystemStorage\", \"size\": [300, 120]}"}}, {"model": "thumbnail.kvstore", "pk": "sorl-thumbnail||image||ae291dd0663c036819760e320ef0f3b4", "fields": {"value": "{\"name\": \"cache/d2/25/d225b47a2deb8edec8680399711356de.jpg\", \"storage\": \"django.core.files.storage.FileSystemStorage\", \"size\": [80, 80]}"}}, {"model": "thumbnail.kvstore", "pk": "sorl-thumbnail||image||b49ffa1aa54ee5cc358640b8b8612bbe", "fields": {"value": "{\"name\": \"images/2020/02/06/reddit.jpg\", \"storage\": \"django.core.files.storage.FileSystemStorage\", \"size\": [256, 256]}"}}, {"model": "thumbnail.kvstore", "pk": "sorl-thumbnail||image||c233cc2a917df4d8fa8dfa5bd7f0aa2c", "fields": {"value": "{\"name\": \"images/2020/02/08/shhshshshshshs.jpg\", \"storage\": \"django.core.files.storage.FileSystemStorage\", \"size\": [645, 640]}"}}, {"model": "thumbnail.kvstore", "pk": "sorl-thumbnail||image||c336a3fcc80a5273a2edafab28dce549", "fields": {"value": "{\"name\": \"users/2020/02/11/kindpng_4212792.png\", \"storage\": \"django.core.files.storage.FileSystemStorage\", \"size\": [639, 640]}"}}, {"model": "thumbnail.kvstore", "pk": "sorl-thumbnail||image||c381c9c0a905b49e17ca91c291d9905e", "fields": {"value": "{\"name\": \"images/2020/02/11/1.jpg\", \"storage\": \"django.core.files.storage.FileSystemStorage\", \"size\": [640, 640]}"}}, {"model": "thumbnail.kvstore", "pk": "sorl-thumbnail||image||c5ae267bba637e79fdfd26e1a7667807", "fields": {"value": "{\"name\": \"cache/c3/44/c34420e44990fa1bba54a951d75bd3eb.jpg\", \"storage\": \"django.core.files.storage.FileSystemStorage\", \"size\": [80, 80]}"}}, {"model": "thumbnail.kvstore", "pk": "sorl-thumbnail||image||c60e9745c52ba78e5103885d392f9d4b", "fields": {"value": "{\"name\": \"cache/40/1c/401c68eeef5e2850bac6f8e47e84514b.jpg\", \"storage\": \"django.core.files.storage.FileSystemStorage\", \"size\": [300, 342]}"}}, {"model": "thumbnail.kvstore", "pk": "sorl-thumbnail||image||c99b769a094409e0e3d497155e7d0b02", "fields": {"value": "{\"name\": \"cache/2c/72/2c727ddebbe8c11ec4c253b2e9681192.jpg\", \"storage\": \"django.core.files.storage.FileSystemStorage\", \"size\": [100, 100]}"}}, {"model": "thumbnail.kvstore", "pk": "sorl-thumbnail||image||cc0c3550c7faedb02c8391021a271e8b", "fields": {"value": "{\"name\": \"cache/8e/da/8edad175ad0321095689cac44df78d9b.jpg\", \"storage\": \"django.core.files.storage.FileSystemStorage\", \"size\": [300, 300]}"}}, {"model": "thumbnail.kvstore", "pk": "sorl-thumbnail||image||cecac630cd89234a4d3fc2b477ec0241", "fields": {"value": "{\"name\": \"cache/55/48/5548d66c76554e2bcfe477bd505abcf0.jpg\", \"storage\": \"django.core.files.storage.FileSystemStorage\", \"size\": [300, 300]}"}}, {"model": "thumbnail.kvstore", "pk": "sorl-thumbnail||image||d461866c7686d21d0df8f11417f23cd7", "fields": {"value": "{\"name\": \"cache/3d/d9/3dd9657af160b0021ee90d56895673b1.jpg\", \"storage\": \"django.core.files.storage.FileSystemStorage\", \"size\": [100, 100]}"}}, {"model": "thumbnail.kvstore", "pk": "sorl-thumbnail||image||d4abaf8bf87f1426b1d1f72de5a0ae33", "fields": {"value": "{\"name\": \"cache/ab/2c/ab2c0df07c567e3e40e76a264ac7541a.jpg\", \"storage\": \"django.core.files.storage.FileSystemStorage\", \"size\": [300, 300]}"}}, {"model": "thumbnail.kvstore", "pk": "sorl-thumbnail||image||d4bb85c910f1ca176be555b71c07eb1a", "fields": {"value": "{\"name\": \"users/2020/02/11/jackson-david-I-mRsT0FVUw-unsplash.jpg\", \"storage\": \"django.core.files.storage.FileSystemStorage\", \"size\": [3856, 5784]}"}}, {"model": "thumbnail.kvstore", "pk": "sorl-thumbnail||image||d5a107219ff41ecad1989a31fa97f262", "fields": {"value": "{\"name\": \"cache/f4/5e/f45edc3ef19e5820b25e75607a951c96.jpg\", \"storage\": \"django.core.files.storage.FileSystemStorage\", \"size\": [300, 262]}"}}, {"model": "thumbnail.kvstore", "pk": "sorl-thumbnail||image||d6499edd5c4b3d303db4a619e380a35b", "fields": {"value": "{\"name\": \"cache/ad/97/ad97d571ae76ac18214414c5440a69d6.jpg\", \"storage\": \"django.core.files.storage.FileSystemStorage\", \"size\": [180, 180]}"}}, {"model": "thumbnail.kvstore", "pk": "sorl-thumbnail||image||dac8dc308ce6029e1cb1b73d06628ff7", "fields": {"value": "{\"name\": \"images/2020/02/08/coronavirus.png\", \"storage\": \"django.core.files.storage.FileSystemStorage\", \"size\": [1079, 1230]}"}}, {"model": "thumbnail.kvstore", "pk": "sorl-thumbnail||image||dcddfff9dfc59adcb1992cce6634d45c", "fields": {"value": "{\"name\": \"cache/ec/be/ecbe0a850d7f48c63376fd95b801172e.jpg\", \"storage\": \"django.core.files.storage.FileSystemStorage\", \"size\": [40, 40]}"}}, {"model": "thumbnail.kvstore", "pk": "sorl-thumbnail||image||df069ef9a76d0770e25d695baf2837ab", "fields": {"value": "{\"name\": \"cache/bb/ec/bbecc41a48e486c50f87f121f206c84f.jpg\", \"storage\": \"django.core.files.storage.FileSystemStorage\", \"size\": [180, 180]}"}}, {"model": "thumbnail.kvstore", "pk": "sorl-thumbnail||image||e02ab0d03af2e7ed3fb52695e4bc124c", "fields": {"value": "{\"name\": \"cache/65/e5/65e5a968e94f359c16f3facdf4f4f8a9.jpg\", \"storage\": \"django.core.files.storage.FileSystemStorage\", \"size\": [180, 180]}"}}, {"model": "thumbnail.kvstore", "pk": "sorl-thumbnail||image||e55497e900c20a14fcc4908d2b3f7c69", "fields": {"value": "{\"name\": \"cache/c0/88/c088935bb763b8540d92de545ab8f3ce.jpg\", \"storage\": \"django.core.files.storage.FileSystemStorage\", \"size\": [80, 80]}"}}, {"model": "thumbnail.kvstore", "pk": "sorl-thumbnail||image||e5c66633544c8eee8fe9759ab6eddcdf", "fields": {"value": "{\"name\": \"cache/59/f2/59f2d96062523562462b0215d3fe2af4.jpg\", \"storage\": \"django.core.files.storage.FileSystemStorage\", \"size\": [20, 20]}"}}, {"model": "thumbnail.kvstore", "pk": "sorl-thumbnail||image||e8252bfdf0806b35cd1b28e6c50a26ba", "fields": {"value": "{\"name\": \"img/pic.png\", \"storage\": \"django.core.files.storage.FileSystemStorage\", \"size\": [639, 640]}"}}, {"model": "thumbnail.kvstore", "pk": "sorl-thumbnail||image||e83a2d0c8c6eae32d825c4c9235ec41f", "fields": {"value": "{\"name\": \"images/2020/02/07/9gag-meme_Q5VQeZA.jpg\", \"storage\": \"django.core.files.storage.FileSystemStorage\", \"size\": [100, 100]}"}}, {"model": "thumbnail.kvstore", "pk": "sorl-thumbnail||image||e8714707d0192f9e48fcc601fd6100c5", "fields": {"value": "{\"name\": \"cache/1f/ae/1faec1c48f4f24bfb9b30d5f7b1914e8.jpg\", \"storage\": \"django.core.files.storage.FileSystemStorage\", \"size\": [120, 120]}"}}, {"model": "thumbnail.kvstore", "pk": "sorl-thumbnail||image||ecede7bd90dcb2553eb91ce05b8f0f71", "fields": {"value": "{\"name\": \"cache/25/f4/25f44b8a9bc7b7097dc7957d50d65e6f.jpg\", \"storage\": \"django.core.files.storage.FileSystemStorage\", \"size\": [300, 300]}"}}, {"model": "thumbnail.kvstore", "pk": "sorl-thumbnail||image||eea82459ce6cea031e47ad6d5f1cd1ab", "fields": {"value": "{\"name\": \"cache/34/51/345163dfdeb3d7d5f769e712d9534201.jpg\", \"storage\": \"django.core.files.storage.FileSystemStorage\", \"size\": [300, 300]}"}}, {"model": "thumbnail.kvstore", "pk": "sorl-thumbnail||image||efa26ff1e590f8b1652e09e9ad9d4680", "fields": {"value": "{\"name\": \"cache/cc/3a/cc3a23e0942f2cda1392306ce2a0bed2.jpg\", \"storage\": \"django.core.files.storage.FileSystemStorage\", \"size\": [300, 368]}"}}, {"model": "thumbnail.kvstore", "pk": "sorl-thumbnail||image||f645acbcd08b123b4a12b4a069a5149d", "fields": {"value": "{\"name\": \"cache/37/4d/374df5498673cb7776fdd592e8cccc6e.jpg\", \"storage\": \"django.core.files.storage.FileSystemStorage\", \"size\": [40, 40]}"}}, {"model": "thumbnail.kvstore", "pk": "sorl-thumbnail||image||f73815b129c6741d2e364437af879573", "fields": {"value": "{\"name\": \"cache/c8/78/c878eab192237b1ce4388871c484c4e8.jpg\", \"storage\": \"django.core.files.storage.FileSystemStorage\", \"size\": [50, 50]}"}}, {"model": "thumbnail.kvstore", "pk": "sorl-thumbnail||image||f74513ca3169b31fb20f5e63a9f35d0f", "fields": {"value": "{\"name\": \"cache/a4/37/a437243fe1cdf97146b60a341414dcca.jpg\", \"storage\": \"django.core.files.storage.FileSystemStorage\", \"size\": [300, 300]}"}}, {"model": "thumbnail.kvstore", "pk": "sorl-thumbnail||image||f80c3fa34a3c4ba6c619e9fb6b51d519", "fields": {"value": "{\"name\": \"users/2020/02/11/tamara-bellis-JeakE5SZCug-unsplash.jpg\", \"storage\": \"django.core.files.storage.FileSystemStorage\", \"size\": [6016, 4000]}"}}, {"model": "thumbnail.kvstore", "pk": "sorl-thumbnail||image||fb4e6a738863300e313537ad544de0b0", "fields": {"value": "{\"name\": \"cache/e1/b5/e1b54954c7a99db2f23c7a772a1a1076.jpg\", \"storage\": \"django.core.files.storage.FileSystemStorage\", \"size\": [120, 120]}"}}, {"model": "thumbnail.kvstore", "pk": "sorl-thumbnail||image||fd540d79d7ce2f22f100903425ca2294", "fields": {"value": "{\"name\": \"images/2020/02/10/reddit.png\", \"storage\": \"django.core.files.storage.FileSystemStorage\", \"size\": [256, 256]}"}}, {"model": "thumbnail.kvstore", "pk": "sorl-thumbnail||image||ffbf539516c5ebe502cba38d6642fbc2", "fields": {"value": "{\"name\": \"cache/46/7b/467bc1f722bcc974ca1c32fe7afba6c2.jpg\", \"storage\": \"django.core.files.storage.FileSystemStorage\", \"size\": [100, 100]}"}}, {"model": "thumbnail.kvstore", "pk": "sorl-thumbnail||thumbnails||03e63e1e9d69e6c9f741e375fa637ebc", "fields": {"value": "[\"fb4e6a738863300e313537ad544de0b0\", \"4c36c72a0a9588a6926439c1039766f1\", \"15fe889d21277a6b203b7bd82ac0acd8\", \"816e6172369946a249b63d50f62eb951\", \"4aadb8c9bf0ad11a37100f67adf276a4\", \"2ed16ee7ddf8b6e65976d0f8460f8223\"]"}}, {"model": "thumbnail.kvstore", "pk": "sorl-thumbnail||thumbnails||127af0b29a797e84e625ee0e1ae723f7", "fields": {"value": "[\"8459c3ca164f5eae69e0a2fd0ef0f94c\", \"019a0d3430beecb4c863a90b2c3247a4\"]"}}, {"model": "thumbnail.kvstore", "pk": "sorl-thumbnail||thumbnails||179ed8ed5dc89115a43365c23f3c6e8e", "fields": {"value": "[\"6ecfb3330c95d5c51198c4ad10a06c25\", \"cc0c3550c7faedb02c8391021a271e8b\"]"}}, {"model": "thumbnail.kvstore", "pk": "sorl-thumbnail||thumbnails||3415fe1e8c5e0c1a96ed34c60eae9cf6", "fields": {"value": "[\"e02ab0d03af2e7ed3fb52695e4bc124c\", \"2c50512c2fe1fb58efb17112a8890cc8\", \"1b99c97dafbbe345af681467e8085622\", \"2b983a143574fe9c03ce7bcf47a4ec1b\", \"1178ae3d0af277d762d16880cd57daae\", \"2def588461893846f79002799986ce57\", \"147fe3b88bc278a5974f7d9c195b9f7c\"]"}}, {"model": "thumbnail.kvstore", "pk": "sorl-thumbnail||thumbnails||386276333b6ddb5ec0575491dd8c52da", "fields": {"value": "[\"d5a107219ff41ecad1989a31fa97f262\", \"8bbfd01a27dfb7433f1743ae4ea8b97b\", \"e55497e900c20a14fcc4908d2b3f7c69\"]"}}, {"model": "thumbnail.kvstore", "pk": "sorl-thumbnail||thumbnails||4362be4c24813de3ab63851fbacd3093", "fields": {"value": "[\"efa26ff1e590f8b1652e09e9ad9d4680\", \"7688ee16df632d5860724061e9792570\"]"}}, {"model": "thumbnail.kvstore", "pk": "sorl-thumbnail||thumbnails||4a247918d6181c27b895ab796d40f8d6", "fields": {"value": "[\"6d3327764ebb9b2fb8bb3a72b0e04123\", \"346f0047381da7791244b698d38036f9\"]"}}, {"model": "thumbnail.kvstore", "pk": "sorl-thumbnail||thumbnails||5348347687b51999a5b25ceadcda8d14", "fields": {"value": "[\"d4abaf8bf87f1426b1d1f72de5a0ae33\", \"33d8f9ee64d9d0e8c9bfdfdb4f57ae36\"]"}}, {"model": "thumbnail.kvstore", "pk": "sorl-thumbnail||thumbnails||5c728612c73cbf1bb7a9ac41cfc6b817", "fields": {"value": "[\"1a214e44a2a299557c35d6decabcc7bf\", \"4e9e5e4a844870f1829aa584cb7afb3e\"]"}}, {"model": "thumbnail.kvstore", "pk": "sorl-thumbnail||thumbnails||5e7d647c2dc8738a8945989f118fa7d7", "fields": {"value": "[\"ecede7bd90dcb2553eb91ce05b8f0f71\"]"}}, {"model": "thumbnail.kvstore", "pk": "sorl-thumbnail||thumbnails||6f9507ad4a1798b222cd41512e09d8d3", "fields": {"value": "[\"f74513ca3169b31fb20f5e63a9f35d0f\", \"a9a99c0fd2f53ee13ab6bcdcbbe3dd73\"]"}}, {"model": "thumbnail.kvstore", "pk": "sorl-thumbnail||thumbnails||7ae7ad17a8d53e2f04b196a9f32de753", "fields": {"value": "[\"007eab09a237588c46b8e5af0001bf90\", \"303f02a6cab123043cbb9aa421c95bd0\", \"47fa08f590eee3a6214f0d8a2e255f7f\"]"}}, {"model": "thumbnail.kvstore", "pk": "sorl-thumbnail||thumbnails||84fa9363361ebd43eec599b65a7e4716", "fields": {"value": "[\"eea82459ce6cea031e47ad6d5f1cd1ab\", \"e5c66633544c8eee8fe9759ab6eddcdf\", \"01f162ab3534fce255bd43c4154a0e46\", \"0370b108a2df4759d5ef3f2d37092868\"]"}}, {"model": "thumbnail.kvstore", "pk": "sorl-thumbnail||thumbnails||8a7aef07f06681be7e48fbd0d24f62a0", "fields": {"value": "[\"a4d36eabe5442b583f6ce3d4eea8f122\"]"}}, {"model": "thumbnail.kvstore", "pk": "sorl-thumbnail||thumbnails||8d659cd9f0c50b8ecdfd2653107bc39b", "fields": {"value": "[\"68cd67adafe1dfaf1dcc2f30ab4535ff\", \"92377212af0a218d294de44e62f5e75c\", \"ffbf539516c5ebe502cba38d6642fbc2\", \"df069ef9a76d0770e25d695baf2837ab\", \"6cae05bd2d46f7261cce2f45f6ab065e\"]"}}, {"model": "thumbnail.kvstore", "pk": "sorl-thumbnail||thumbnails||9c3a53c228a4bd4bab0e568a1023b71f", "fields": {"value": "[\"33e0b74ca1de2e6e6a606c96ed4fe869\", \"1d068c05b442ca536e70a3db816f492b\"]"}}, {"model": "thumbnail.kvstore", "pk": "sorl-thumbnail||thumbnails||a3c58ba52fd309bf8a604e9873256c3a", "fields": {"value": "[\"3a42972d28202150a218c845202a7193\", \"cecac630cd89234a4d3fc2b477ec0241\", \"2fbb5e7983adcb602f484ee11f5edb2a\"]"}}, {"model": "thumbnail.kvstore", "pk": "sorl-thumbnail||thumbnails||a831149fdb18c49ccd0590529c379829", "fields": {"value": "[\"2949e631ca1d5ac13159e1e08de6b8a2\", \"d6499edd5c4b3d303db4a619e380a35b\", \"856b1bf23c51ed84a438a70d4354c729\", \"f73815b129c6741d2e364437af879573\", \"6bd41ae606f310977450b0ac80a2097e\", \"e8714707d0192f9e48fcc601fd6100c5\", \"dcddfff9dfc59adcb1992cce6634d45c\"]"}}, {"model": "thumbnail.kvstore", "pk": "sorl-thumbnail||thumbnails||b49ffa1aa54ee5cc358640b8b8612bbe", "fields": {"value": "[\"43977bbf0afde7502de04fe121c78bc8\"]"}}, {"model": "thumbnail.kvstore", "pk": "sorl-thumbnail||thumbnails||c233cc2a917df4d8fa8dfa5bd7f0aa2c", "fields": {"value": "[\"a4834550b17ef69971c863c2418699fc\", \"3b1ce0980b091532c977da4ebdd35d02\", \"85943fd25faf5970aeb85f0679dd7af1\", \"9be0de29e3f0465ddd75af5de631ab18\"]"}}, {"model": "thumbnail.kvstore", "pk": "sorl-thumbnail||thumbnails||c336a3fcc80a5273a2edafab28dce549", "fields": {"value": "[\"3c1b6c8f8ddd6c88526ad63b3ae77c15\", \"63e86cf928d71a07a35a7132cf617517\", \"a4183f851b837ae6ebfa4950f0fcb682\", \"c5ae267bba637e79fdfd26e1a7667807\", \"6ff786a8078b82623fd97bdbd2085ef0\", \"55f9b8179d3720b29f91998a19130b82\"]"}}, {"model": "thumbnail.kvstore", "pk": "sorl-thumbnail||thumbnails||c381c9c0a905b49e17ca91c291d9905e", "fields": {"value": "[\"096089c43114a013d0000e52ce3a43c4\", \"997b2a48c4cd7e50703476463e00a834\", \"6c65c8745482df760a020c22497ace06\"]"}}, {"model": "thumbnail.kvstore", "pk": "sorl-thumbnail||thumbnails||d4bb85c910f1ca176be555b71c07eb1a", "fields": {"value": "[\"c99b769a094409e0e3d497155e7d0b02\", \"8ef07c74deb76e72b1e2bfe366025e17\", \"f645acbcd08b123b4a12b4a069a5149d\"]"}}, {"model": "thumbnail.kvstore", "pk": "sorl-thumbnail||thumbnails||dac8dc308ce6029e1cb1b73d06628ff7", "fields": {"value": "[\"29708d2fe9f20d0293b4a4d498d2a7e9\", \"c60e9745c52ba78e5103885d392f9d4b\", \"9b1e20d831314a8faa9580e60ca47f85\"]"}}, {"model": "thumbnail.kvstore", "pk": "sorl-thumbnail||thumbnails||e8252bfdf0806b35cd1b28e6c50a26ba", "fields": {"value": "[\"9e6266de37967d183950391af2a79e39\", \"2f972e2a97a8818465c56e629f48c6f8\", \"01f9ac8511d4eaad8a4bdba28a4f196d\", \"4affdc089ecc3cefe04d402fb88a5b93\"]"}}, {"model": "thumbnail.kvstore", "pk": "sorl-thumbnail||thumbnails||e83a2d0c8c6eae32d825c4c9235ec41f", "fields": {"value": "[\"43cc1f613c52e0ccb743934ff544f0f6\", \"3ff708bf016641b57cdf85a65dfef22f\"]"}}, {"model": "thumbnail.kvstore", "pk": "sorl-thumbnail||thumbnails||f80c3fa34a3c4ba6c619e9fb6b51d519", "fields": {"value": "[\"d461866c7686d21d0df8f11417f23cd7\", \"9e4a53ab65fd3869b79e7e3cbb615411\"]"}}, {"model": "thumbnail.kvstore", "pk": "sorl-thumbnail||thumbnails||fd540d79d7ce2f22f100903425ca2294", "fields": {"value": "[\"207eecac5bf0a801d61f4591ec1d0f65\", \"13776a199ea3eb18cabe4f19820b02e4\", \"484f6b34b5728b8368e72f63e31df3c6\", \"75fbdfea4b2b8e6f1169272663962369\", \"ae291dd0663c036819760e320ef0f3b4\"]"}}, {"model": "auth.permission", "pk": 1, "fields": {"name": "Can add log entry", "content_type": 1, "codename": "add_logentry"}}, {"model": "auth.permission", "pk": 2, "fields": {"name": "Can change log entry", "content_type": 1, "codename": "change_logentry"}}, {"model": "auth.permission", "pk": 3, "fields": {"name": "Can delete log entry", "content_type": 1, "codename": "delete_logentry"}}, {"model": "auth.permission", "pk": 4, "fields": {"name": "Can add permission", "content_type": 2, "codename": "add_permission"}}, {"model": "auth.permission", "pk": 5, "fields": {"name": "Can change permission", "content_type": 2, "codename": "change_permission"}}, {"model": "auth.permission", "pk": 6, "fields": {"name": "Can delete permission", "content_type": 2, "codename": "delete_permission"}}, {"model": "auth.permission", "pk": 7, "fields": {"name": "Can add group", "content_type": 3, "codename": "add_group"}}, {"model": "auth.permission", "pk": 8, "fields": {"name": "Can change group", "content_type": 3, "codename": "change_group"}}, {"model": "auth.permission", "pk": 9, "fields": {"name": "Can delete group", "content_type": 3, "codename": "delete_group"}}, {"model": "auth.permission", "pk": 10, "fields": {"name": "Can add user", "content_type": 4, "codename": "add_user"}}, {"model": "auth.permission", "pk": 11, "fields": {"name": "Can change user", "content_type": 4, "codename": "change_user"}}, {"model": "auth.permission", "pk": 12, "fields": {"name": "Can delete user", "content_type": 4, "codename": "delete_user"}}, {"model": "auth.permission", "pk": 13, "fields": {"name": "Can add content type", "content_type": 5, "codename": "add_contenttype"}}, {"model": "auth.permission", "pk": 14, "fields": {"name": "Can change content type", "content_type": 5, "codename": "change_contenttype"}}, {"model": "auth.permission", "pk": 15, "fields": {"name": "Can delete content type", "content_type": 5, "codename": "delete_contenttype"}}, {"model": "auth.permission", "pk": 16, "fields": {"name": "Can add session", "content_type": 6, "codename": "add_session"}}, {"model": "auth.permission", "pk": 17, "fields": {"name": "Can change session", "content_type": 6, "codename": "change_session"}}, {"model": "auth.permission", "pk": 18, "fields": {"name": "Can delete session", "content_type": 6, "codename": "delete_session"}}, {"model": "auth.permission", "pk": 19, "fields": {"name": "Can add profile", "content_type": 7, "codename": "add_profile"}}, {"model": "auth.permission", "pk": 20, "fields": {"name": "Can change profile", "content_type": 7, "codename": "change_profile"}}, {"model": "auth.permission", "pk": 21, "fields": {"name": "Can delete profile", "content_type": 7, "codename": "delete_profile"}}, {"model": "auth.permission", "pk": 22, "fields": {"name": "Can add association", "content_type": 8, "codename": "add_association"}}, {"model": "auth.permission", "pk": 23, "fields": {"name": "Can change association", "content_type": 8, "codename": "change_association"}}, {"model": "auth.permission", "pk": 24, "fields": {"name": "Can delete association", "content_type": 8, "codename": "delete_association"}}, {"model": "auth.permission", "pk": 25, "fields": {"name": "Can add code", "content_type": 9, "codename": "add_code"}}, {"model": "auth.permission", "pk": 26, "fields": {"name": "Can change code", "content_type": 9, "codename": "change_code"}}, {"model": "auth.permission", "pk": 27, "fields": {"name": "Can delete code", "content_type": 9, "codename": "delete_code"}}, {"model": "auth.permission", "pk": 28, "fields": {"name": "Can add nonce", "content_type": 10, "codename": "add_nonce"}}, {"model": "auth.permission", "pk": 29, "fields": {"name": "Can change nonce", "content_type": 10, "codename": "change_nonce"}}, {"model": "auth.permission", "pk": 30, "fields": {"name": "Can delete nonce", "content_type": 10, "codename": "delete_nonce"}}, {"model": "auth.permission", "pk": 31, "fields": {"name": "Can add user social auth", "content_type": 11, "codename": "add_usersocialauth"}}, {"model": "auth.permission", "pk": 32, "fields": {"name": "Can change user social auth", "content_type": 11, "codename": "change_usersocialauth"}}, {"model": "auth.permission", "pk": 33, "fields": {"name": "Can delete user social auth", "content_type": 11, "codename": "delete_usersocialauth"}}, {"model": "auth.permission", "pk": 34, "fields": {"name": "Can add partial", "content_type": 12, "codename": "add_partial"}}, {"model": "auth.permission", "pk": 35, "fields": {"name": "Can change partial", "content_type": 12, "codename": "change_partial"}}, {"model": "auth.permission", "pk": 36, "fields": {"name": "Can delete partial", "content_type": 12, "codename": "delete_partial"}}, {"model": "auth.permission", "pk": 37, "fields": {"name": "Can add meme", "content_type": 13, "codename": "add_meme"}}, {"model": "auth.permission", "pk": 38, "fields": {"name": "Can change meme", "content_type": 13, "codename": "change_meme"}}, {"model": "auth.permission", "pk": 39, "fields": {"name": "Can delete meme", "content_type": 13, "codename": "delete_meme"}}, {"model": "auth.permission", "pk": 40, "fields": {"name": "Can add image", "content_type": 14, "codename": "add_image"}}, {"model": "auth.permission", "pk": 41, "fields": {"name": "Can change image", "content_type": 14, "codename": "change_image"}}, {"model": "auth.permission", "pk": 42, "fields": {"name": "Can delete image", "content_type": 14, "codename": "delete_image"}}, {"model": "auth.permission", "pk": 43, "fields": {"name": "Can add kv store", "content_type": 15, "codename": "add_kvstore"}}, {"model": "auth.permission", "pk": 44, "fields": {"name": "Can change kv store", "content_type": 15, "codename": "change_kvstore"}}, {"model": "auth.permission", "pk": 45, "fields": {"name": "Can delete kv store", "content_type": 15, "codename": "delete_kvstore"}}, {"model": "auth.permission", "pk": 46, "fields": {"name": "Can add contact", "content_type": 16, "codename": "add_contact"}}, {"model": "auth.permission", "pk": 47, "fields": {"name": "Can change contact", "content_type": 16, "codename": "change_contact"}}, {"model": "auth.permission", "pk": 48, "fields": {"name": "Can delete contact", "content_type": 16, "codename": "delete_contact"}}, {"model": "auth.permission", "pk": 49, "fields": {"name": "Can add action", "content_type": 17, "codename": "add_action"}}, {"model": "auth.permission", "pk": 50, "fields": {"name": "Can change action", "content_type": 17, "codename": "change_action"}}, {"model": "auth.permission", "pk": 51, "fields": {"name": "Can delete action", "content_type": 17, "codename": "delete_action"}}, {"model": "auth.user", "pk": 1, "fields": {"password": "pbkdf2_sha256$100000$h8FxSqPT5XcG$BCsvTLlDiD6ZzfhKl27dtcf/gnEpUzsKbkMGjVvU2dQ=", "last_login": "2020-02-15T22:51:03.876Z", "is_superuser": true, "username": "admin", "first_name": "Jane", "last_name": "Doe", "email": "jdoe@gmail.com", "is_staff": true, "is_active": true, "date_joined": "2020-02-03T17:56:38Z", "groups": [], "user_permissions": []}}, {"model": "auth.user", "pk": 2, "fields": {"password": "pbkdf2_sha256$100000$aSXe0Y0iNrhW$elsVxLCAS1ro3shKQ0qDtgsPUbJFagr8fSl6nIckTuA=", "last_login": "2020-02-11T01:02:09.996Z", "is_superuser": false, "username": "johndoe", "first_name": "John", "last_name": "", "email": "johndoe@gmail.com", "is_staff": false, "is_active": true, "date_joined": "2020-02-04T17:35:30.703Z", "groups": [], "user_permissions": []}}, {"model": "auth.user", "pk": 3, "fields": {"password": "pbkdf2_sha256$100000$SZHGA4HoQm7L$qXKtpSKB0QwOl8VHzxeD4rmsqCNNN//sconxHjOVK6o=", "last_login": null, "is_superuser": false, "username": "janeDoe", "first_name": "Jane", "last_name": "", "email": "janedoe@gmail.com", "is_staff": false, "is_active": true, "date_joined": "2020-02-04T22:27:30.266Z", "groups": [], "user_permissions": []}}, {"model": "auth.user", "pk": 4, "fields": {"password": "pbkdf2_sha256$100000$BIpaBuovVR9o$ScyVK5sl766iBmsuaD7lvOEaCACEknId/OwJWe1WYmY=", "last_login": "2020-02-10T21:45:42.093Z", "is_superuser": false, "username": "fefaalves", "first_name": "Fefa", "last_name": "alves", "email": "fefaalves@hotmail.com", "is_staff": false, "is_active": true, "date_joined": "2020-02-04T22:28:43.132Z", "groups": [], "user_permissions": []}}, {"model": "auth.user", "pk": 5, "fields": {"password": "!pXgOCuVjBhzXV2H0OYL7IiijUsKjot35nOBWqxjS", "last_login": "2020-02-05T01:02:06.180Z", "is_superuser": false, "username": "fer.de.macedo", "first_name": "f", "last_name": "dm", "email": "fer.de.macedo@gmail.com", "is_staff": false, "is_active": true, "date_joined": "2020-02-05T00:55:06.876Z", "groups": [], "user_permissions": []}}, {"model": "auth.user", "pk": 6, "fields": {"password": "pbkdf2_sha256$100000$rA5XSlHbMFCA$aENWpn5efBfGDvURoEVMxjN61hVW2590WW58315r+zU=", "last_login": "2020-02-11T19:23:15.880Z", "is_superuser": false, "username": "anonymous", "first_name": "ano", "last_name": "", "email": "anonymous@gmail.com", "is_staff": false, "is_active": true, "date_joined": "2020-02-11T01:27:27.590Z", "groups": [], "user_permissions": []}}, {"model": "auth.user", "pk": 7, "fields": {"password": "pbkdf2_sha256$100000$ll79IzZZWUUE$/TvCQETack8KdThgxU98Z5X9xksX5mwlZq6bgoE8hko=", "last_login": "2020-02-12T15:11:55.585Z", "is_superuser": false, "username": "Elizabeth", "first_name": "Warren", "last_name": "", "email": "lizwarren@gmail.com", "is_staff": false, "is_active": true, "date_joined": "2020-02-11T21:16:49.744Z", "groups": [], "user_permissions": []}}, {"model": "auth.user", "pk": 8, "fields": {"password": "pbkdf2_sha256$100000$87AN4nQRtfjy$7r1lugMtVd4ergRCWRfET1zvRhWphZbmipKcSpXOz1E=", "last_login": "2020-02-11T21:20:42.641Z", "is_superuser": false, "username": "Chris", "first_name": "Stevenson", "last_name": "", "email": "cstevenson@gmail.com", "is_staff": false, "is_active": true, "date_joined": "2020-02-11T21:20:38.487Z", "groups": [], "user_permissions": []}}, {"model": "social_django.usersocialauth", "pk": 1, "fields": {"user": 5, "provider": "google-oauth2", "uid": "fer.de.macedo@gmail.com", "extra_data": "{\"auth_time\": 1580864526, \"expires\": 3599, \"token_type\": \"Bearer\", \"access_token\": \"ya29.Il-8B1mUWh-w93_GlMTFCsfFlriK5d_vSxIUxiOq5goAFStYYnJAB7NR1BJwt2vEZtmAoqO3b9UmE76_5ML2TWa6ZPNfSzhwvmtI-__PZw3U5DWScJKy-w3_ZztMpKAKvw\"}"}}, {"model": "images.image", "pk": 12, "fields": {"user": 1, "title": "Shhshshshshshs", "slug": "shhshshshshshs", "url": "https://i.redd.it/q9fj8bj8okf41.jpg", "image": "images/2020/02/08/shhshshshshshs.jpg", "description": "Mom: You won't get a job by staying on your computer all day.", "created": "2020-02-08", "total_likes": 4, "users_like": [1, 2, 4, 6]}}, {"model": "images.image", "pk": 17, "fields": {"user": 4, "title": "She keeps asking me...", "slug": "wholesome-friendship", "url": "https://i.redd.it/tbjmt4411bg41.jpg", "image": "images/2020/02/11/1.jpg", "description": "...when I\u2019m going to visit her and take her away from the stress for a few days.", "created": "2020-02-11", "total_likes": 4, "users_like": [1, 2, 3, 5]}}, {"model": "images.image", "pk": 18, "fields": {"user": 4, "title": "Gotta love moms", "slug": "gotta-love-moms", "url": "https://i.redd.it/6ujs1u015bg41.jpg", "image": "images/2020/02/11/2.jpg", "description": "Moms are awesome...", "created": "2020-02-11", "total_likes": 4, "users_like": [1, 2, 3, 4]}}, {"model": "images.image", "pk": 19, "fields": {"user": 2, "title": "This is me right now", "slug": "this-is-me-right-now", "url": "https://i.redd.it/0jrhzhyk96g41.jpg", "image": "images/2020/02/11/3.jpg", "description": "This is what friends are for", "created": "2020-02-11", "total_likes": 4, "users_like": [1, 4, 5, 6]}}, {"model": "actions.action", "pk": 4, "fields": {"user": 4, "target_ct": 14, "target_id": 12, "verb": "likes", "created": null}}, {"model": "actions.action", "pk": 9, "fields": {"user": 4, "target_ct": 14, "target_id": 12, "verb": "likes", "created": null}}, {"model": "actions.action", "pk": 10, "fields": {"user": 1, "target_ct": 14, "target_id": 12, "verb": "likes", "created": null}}, {"model": "actions.action", "pk": 17, "fields": {"user": 2, "target_ct": 14, "target_id": 12, "verb": "likes", "created": "2020-02-11T01:15:36.572Z"}}, {"model": "actions.action", "pk": 18, "fields": {"user": 2, "target_ct": 14, "target_id": 12, "verb": "likes", "created": "2020-02-11T01:16:45.034Z"}}, {"model": "actions.action", "pk": 19, "fields": {"user": 2, "target_ct": 14, "target_id": 12, "verb": "likes", "created": "2020-02-11T01:21:42.168Z"}}, {"model": "actions.action", "pk": 20, "fields": {"user": 2, "target_ct": 14, "target_id": 12, "verb": "likes", "created": "2020-02-11T01:23:23.012Z"}}, {"model": "actions.action", "pk": 21, "fields": {"user": 6, "target_ct": null, "target_id": null, "verb": "has created an account", "created": "2020-02-11T01:27:27.741Z"}}, {"model": "actions.action", "pk": 22, "fields": {"user": 6, "target_ct": 4, "target_id": 1, "verb": "is following", "created": "2020-02-11T01:28:03.657Z"}}, {"model": "actions.action", "pk": 23, "fields": {"user": 6, "target_ct": 4, "target_id": 4, "verb": "is following", "created": "2020-02-11T01:30:14.549Z"}}, {"model": "actions.action", "pk": 24, "fields": {"user": 6, "target_ct": 4, "target_id": 3, "verb": "is following", "created": "2020-02-11T01:30:53.292Z"}}, {"model": "actions.action", "pk": 25, "fields": {"user": 6, "target_ct": 4, "target_id": 5, "verb": "is following", "created": "2020-02-11T01:34:51.808Z"}}, {"model": "actions.action", "pk": 26, "fields": {"user": 6, "target_ct": 4, "target_id": 6, "verb": "is following", "created": "2020-02-11T01:35:13.451Z"}}, {"model": "actions.action", "pk": 27, "fields": {"user": 6, "target_ct": 4, "target_id": 1, "verb": "is following", "created": "2020-02-11T01:55:44.021Z"}}, {"model": "actions.action", "pk": 28, "fields": {"user": 6, "target_ct": 14, "target_id": 12, "verb": "likes", "created": "2020-02-11T02:02:19.533Z"}}, {"model": "actions.action", "pk": 29, "fields": {"user": 6, "target_ct": 4, "target_id": 1, "verb": "is following", "created": "2020-02-11T02:15:13.094Z"}}, {"model": "actions.action", "pk": 30, "fields": {"user": 1, "target_ct": 14, "target_id": 18, "verb": "likes", "created": "2020-02-11T19:39:17.908Z"}}, {"model": "actions.action", "pk": 31, "fields": {"user": 1, "target_ct": 14, "target_id": 17, "verb": "likes", "created": "2020-02-11T19:53:06.965Z"}}, {"model": "actions.action", "pk": 32, "fields": {"user": 1, "target_ct": 4, "target_id": 5, "verb": "is following", "created": "2020-02-11T19:58:25.081Z"}}, {"model": "actions.action", "pk": 33, "fields": {"user": 1, "target_ct": 4, "target_id": 1, "verb": "is following", "created": "2020-02-11T20:29:55.408Z"}}, {"model": "actions.action", "pk": 34, "fields": {"user": 7, "target_ct": null, "target_id": null, "verb": "has created an account", "created": "2020-02-11T21:16:49.924Z"}}, {"model": "actions.action", "pk": 35, "fields": {"user": 8, "target_ct": null, "target_id": null, "verb": "has created an account", "created": "2020-02-11T21:20:38.644Z"}}, {"model": "actions.action", "pk": 36, "fields": {"user": 1, "target_ct": 4, "target_id": 3, "verb": "is following", "created": "2020-02-11T21:29:50.904Z"}}, {"model": "actions.action", "pk": 37, "fields": {"user": 1, "target_ct": 4, "target_id": 2, "verb": "is following", "created": "2020-02-11T21:38:16.831Z"}}, {"model": "actions.action", "pk": 38, "fields": {"user": 1, "target_ct": 4, "target_id": 2, "verb": "is following", "created": "2020-02-11T21:47:07.597Z"}}, {"model": "actions.action", "pk": 39, "fields": {"user": 1, "target_ct": 4, "target_id": 2, "verb": "is following", "created": "2020-02-11T21:48:40.195Z"}}, {"model": "actions.action", "pk": 40, "fields": {"user": 1, "target_ct": 4, "target_id": 2, "verb": "is following", "created": "2020-02-11T21:51:30.076Z"}}, {"model": "actions.action", "pk": 41, "fields": {"user": 1, "target_ct": 4, "target_id": 2, "verb": "is following", "created": "2020-02-11T21:53:13.592Z"}}, {"model": "actions.action", "pk": 42, "fields": {"user": 1, "target_ct": 4, "target_id": 2, "verb": "is following", "created": "2020-02-11T21:56:39.099Z"}}, {"model": "actions.action", "pk": 43, "fields": {"user": 1, "target_ct": 4, "target_id": 2, "verb": "is following", "created": "2020-02-11T21:58:22.729Z"}}, {"model": "actions.action", "pk": 44, "fields": {"user": 1, "target_ct": 4, "target_id": 2, "verb": "is following", "created": "2020-02-11T22:00:08.203Z"}}, {"model": "actions.action", "pk": 45, "fields": {"user": 1, "target_ct": 4, "target_id": 2, "verb": "is following", "created": "2020-02-11T22:02:21.262Z"}}, {"model": "actions.action", "pk": 46, "fields": {"user": 1, "target_ct": 4, "target_id": 2, "verb": "is following", "created": "2020-02-11T22:04:36.663Z"}}, {"model": "actions.action", "pk": 47, "fields": {"user": 1, "target_ct": 4, "target_id": 2, "verb": "is following", "created": "2020-02-11T22:08:49.302Z"}}, {"model": "actions.action", "pk": 48, "fields": {"user": 1, "target_ct": 4, "target_id": 6, "verb": "is following", "created": "2020-02-11T22:11:27.443Z"}}, {"model": "actions.action", "pk": 49, "fields": {"user": 1, "target_ct": 4, "target_id": 7, "verb": "is following", "created": "2020-02-11T22:11:39.428Z"}}, {"model": "actions.action", "pk": 50, "fields": {"user": 1, "target_ct": 4, "target_id": 8, "verb": "is following", "created": "2020-02-11T22:11:47.497Z"}}, {"model": "actions.action", "pk": 51, "fields": {"user": 1, "target_ct": 4, "target_id": 8, "verb": "is following", "created": "2020-02-11T22:12:49.484Z"}}, {"model": "actions.action", "pk": 52, "fields": {"user": 7, "target_ct": 14, "target_id": 17, "verb": "likes", "created": "2020-02-11T22:32:59.165Z"}}, {"model": "actions.action", "pk": 53, "fields": {"user": 7, "target_ct": 14, "target_id": 17, "verb": "likes", "created": "2020-02-11T22:34:04.984Z"}}, {"model": "admin.logentry", "pk": 1, "fields": {"action_time": "2020-02-03T18:07:13.462Z", "user": 1, "content_type": 4, "object_id": "1", "object_repr": "admin", "action_flag": 2, "change_message": "[{\"changed\": {\"fields\": [\"username\"]}}]"}}, {"model": "admin.logentry", "pk": 2, "fields": {"action_time": "2020-02-04T15:29:20.176Z", "user": 1, "content_type": 4, "object_id": "1", "object_repr": "admin", "action_flag": 2, "change_message": "[{\"changed\": {\"fields\": [\"first_name\", \"last_name\", \"email\"]}}]"}}, {"model": "admin.logentry", "pk": 3, "fields": {"action_time": "2020-02-08T00:32:41.607Z", "user": 1, "content_type": 14, "object_id": "14", "object_repr": "Dad?", "action_flag": 2, "change_message": "[{\"changed\": {\"fields\": [\"title\", \"description\"]}}]"}}, {"model": "admin.logentry", "pk": 4, "fields": {"action_time": "2020-02-08T00:32:58.637Z", "user": 1, "content_type": 14, "object_id": "3", "object_repr": "Django and Duke", "action_flag": 3, "change_message": ""}}, {"model": "admin.logentry", "pk": 5, "fields": {"action_time": "2020-02-08T00:32:58.639Z", "user": 1, "content_type": 14, "object_id": "2", "object_repr": "Django and Duke", "action_flag": 3, "change_message": ""}}, {"model": "admin.logentry", "pk": 6, "fields": {"action_time": "2020-02-08T00:32:58.641Z", "user": 1, "content_type": 14, "object_id": "1", "object_repr": "Django and Duke", "action_flag": 3, "change_message": ""}}, {"model": "admin.logentry", "pk": 7, "fields": {"action_time": "2020-02-08T00:33:28.740Z", "user": 1, "content_type": 14, "object_id": "11", "object_repr": "9GAG Meme", "action_flag": 3, "change_message": ""}}, {"model": "admin.logentry", "pk": 8, "fields": {"action_time": "2020-02-08T00:33:28.751Z", "user": 1, "content_type": 14, "object_id": "10", "object_repr": "9GAG Meme", "action_flag": 3, "change_message": ""}}, {"model": "admin.logentry", "pk": 9, "fields": {"action_time": "2020-02-08T00:33:28.755Z", "user": 1, "content_type": 14, "object_id": "9", "object_repr": "Keanu", "action_flag": 3, "change_message": ""}}, {"model": "admin.logentry", "pk": 10, "fields": {"action_time": "2020-02-08T00:33:28.756Z", "user": 1, "content_type": 14, "object_id": "8", "object_repr": "fefafke", "action_flag": 3, "change_message": ""}}, {"model": "admin.logentry", "pk": 11, "fields": {"action_time": "2020-02-08T00:33:28.758Z", "user": 1, "content_type": 14, "object_id": "7", "object_repr": "Amazon.com.br | Compre livros, inform\u00e1tica, Tvs, Casa & Cozinha, Kindle, Echo e Fire TV", "action_flag": 3, "change_message": ""}}, {"model": "admin.logentry", "pk": 12, "fields": {"action_time": "2020-02-08T00:33:28.760Z", "user": 1, "content_type": 14, "object_id": "6", "object_repr": "reddit: the front page of the internetHotReddit Premium", "action_flag": 3, "change_message": ""}}, {"model": "admin.logentry", "pk": 13, "fields": {"action_time": "2020-02-08T00:33:28.762Z", "user": 1, "content_type": 14, "object_id": "5", "object_repr": "Reddit", "action_flag": 3, "change_message": ""}}, {"model": "admin.logentry", "pk": 14, "fields": {"action_time": "2020-02-08T00:33:28.763Z", "user": 1, "content_type": 14, "object_id": "4", "object_repr": "reddit: the front page of the internetHotReddit Premium", "action_flag": 3, "change_message": ""}}, {"model": "admin.logentry", "pk": 15, "fields": {"action_time": "2020-02-08T15:08:44.476Z", "user": 1, "content_type": 7, "object_id": "2", "object_repr": "Profile for user fefaalves", "action_flag": 2, "change_message": "[{\"changed\": {\"fields\": [\"photo\"]}}]"}}, {"model": "admin.logentry", "pk": 16, "fields": {"action_time": "2020-02-08T15:09:02.822Z", "user": 1, "content_type": 7, "object_id": "1", "object_repr": "Profile for user janeDoe", "action_flag": 2, "change_message": "[{\"changed\": {\"fields\": [\"photo\"]}}]"}}, {"model": "admin.logentry", "pk": 17, "fields": {"action_time": "2020-02-08T15:12:30.379Z", "user": 1, "content_type": 7, "object_id": "3", "object_repr": "Profile for user fer.de.macedo", "action_flag": 1, "change_message": "[{\"added\": {}}]"}}, {"model": "admin.logentry", "pk": 18, "fields": {"action_time": "2020-02-08T15:12:46.902Z", "user": 1, "content_type": 7, "object_id": "3", "object_repr": "Profile for user fer.de.macedo", "action_flag": 2, "change_message": "[{\"changed\": {\"fields\": [\"photo\"]}}]"}}, {"model": "admin.logentry", "pk": 19, "fields": {"action_time": "2020-02-08T15:13:11.307Z", "user": 1, "content_type": 7, "object_id": "4", "object_repr": "Profile for user johndoe", "action_flag": 1, "change_message": "[{\"added\": {}}]"}}, {"model": "admin.logentry", "pk": 20, "fields": {"action_time": "2020-02-10T16:26:36.898Z", "user": 1, "content_type": 14, "object_id": "16", "object_repr": "9GAG Meme", "action_flag": 2, "change_message": "[{\"changed\": {\"fields\": [\"users_like\"]}}]"}}, {"model": "admin.logentry", "pk": 21, "fields": {"action_time": "2020-02-10T16:31:36.381Z", "user": 1, "content_type": 14, "object_id": "12", "object_repr": "Shhshshshshshs", "action_flag": 2, "change_message": "[{\"changed\": {\"fields\": [\"total_likes\"]}}]"}}, {"model": "admin.logentry", "pk": 22, "fields": {"action_time": "2020-02-10T16:34:31.373Z", "user": 1, "content_type": 14, "object_id": "16", "object_repr": "9GAG Meme", "action_flag": 2, "change_message": "[{\"changed\": {\"fields\": [\"users_like\"]}}]"}}, {"model": "admin.logentry", "pk": 23, "fields": {"action_time": "2020-02-10T16:34:42.925Z", "user": 1, "content_type": 14, "object_id": "15", "object_repr": "Reddit", "action_flag": 2, "change_message": "[{\"changed\": {\"fields\": [\"users_like\"]}}]"}}, {"model": "admin.logentry", "pk": 24, "fields": {"action_time": "2020-02-10T16:34:52.228Z", "user": 1, "content_type": 14, "object_id": "14", "object_repr": "Dad?", "action_flag": 2, "change_message": "[{\"changed\": {\"fields\": [\"users_like\"]}}]"}}, {"model": "admin.logentry", "pk": 25, "fields": {"action_time": "2020-02-10T16:34:53.967Z", "user": 1, "content_type": 14, "object_id": "14", "object_repr": "Dad?", "action_flag": 2, "change_message": "[{\"changed\": {\"fields\": [\"total_likes\"]}}]"}}, {"model": "admin.logentry", "pk": 26, "fields": {"action_time": "2020-02-10T16:35:02.107Z", "user": 1, "content_type": 14, "object_id": "14", "object_repr": "Dad?", "action_flag": 2, "change_message": "[{\"changed\": {\"fields\": [\"users_like\"]}}]"}}, {"model": "admin.logentry", "pk": 27, "fields": {"action_time": "2020-02-10T16:35:10.273Z", "user": 1, "content_type": 14, "object_id": "13", "object_repr": "Coronavirus", "action_flag": 2, "change_message": "[{\"changed\": {\"fields\": [\"users_like\"]}}]"}}, {"model": "admin.logentry", "pk": 28, "fields": {"action_time": "2020-02-10T16:35:30.439Z", "user": 1, "content_type": 14, "object_id": "12", "object_repr": "Shhshshshshshs", "action_flag": 2, "change_message": "[{\"changed\": {\"fields\": [\"users_like\"]}}]"}}, {"model": "admin.logentry", "pk": 29, "fields": {"action_time": "2020-02-10T23:12:46.134Z", "user": 1, "content_type": 7, "object_id": "5", "object_repr": "Profile for user admin", "action_flag": 1, "change_message": "[{\"added\": {}}]"}}, {"model": "admin.logentry", "pk": 30, "fields": {"action_time": "2020-02-11T19:30:10.068Z", "user": 1, "content_type": 14, "object_id": "17", "object_repr": "She keeps asking me...", "action_flag": 1, "change_message": "[{\"added\": {}}]"}}, {"model": "admin.logentry", "pk": 31, "fields": {"action_time": "2020-02-11T19:30:29.405Z", "user": 1, "content_type": 14, "object_id": "16", "object_repr": "9GAG Meme", "action_flag": 3, "change_message": ""}}, {"model": "admin.logentry", "pk": 32, "fields": {"action_time": "2020-02-11T19:30:29.408Z", "user": 1, "content_type": 14, "object_id": "15", "object_repr": "Reddit", "action_flag": 3, "change_message": ""}}, {"model": "admin.logentry", "pk": 33, "fields": {"action_time": "2020-02-11T19:30:29.409Z", "user": 1, "content_type": 14, "object_id": "14", "object_repr": "Dad?", "action_flag": 3, "change_message": ""}}, {"model": "admin.logentry", "pk": 34, "fields": {"action_time": "2020-02-11T19:30:29.411Z", "user": 1, "content_type": 14, "object_id": "13", "object_repr": "Coronavirus", "action_flag": 3, "change_message": ""}}, {"model": "admin.logentry", "pk": 35, "fields": {"action_time": "2020-02-11T19:32:59.485Z", "user": 1, "content_type": 14, "object_id": "18", "object_repr": "Gotta love moms", "action_flag": 1, "change_message": "[{\"added\": {}}]"}}, {"model": "admin.logentry", "pk": 36, "fields": {"action_time": "2020-02-11T19:38:27.542Z", "user": 1, "content_type": 14, "object_id": "19", "object_repr": "This is me right now", "action_flag": 1, "change_message": "[{\"added\": {}}]"}}, {"model": "admin.logentry", "pk": 37, "fields": {"action_time": "2020-02-11T19:43:38.204Z", "user": 1, "content_type": 17, "object_id": "15", "object_repr": "Action object (15)", "action_flag": 3, "change_message": ""}}, {"model": "admin.logentry", "pk": 38, "fields": {"action_time": "2020-02-11T19:43:38.208Z", "user": 1, "content_type": 17, "object_id": "14", "object_repr": "Action object (14)", "action_flag": 3, "change_message": ""}}, {"model": "admin.logentry", "pk": 39, "fields": {"action_time": "2020-02-11T19:43:38.209Z", "user": 1, "content_type": 17, "object_id": "13", "object_repr": "Action object (13)", "action_flag": 3, "change_message": ""}}, {"model": "admin.logentry", "pk": 40, "fields": {"action_time": "2020-02-11T19:43:38.211Z", "user": 1, "content_type": 17, "object_id": "12", "object_repr": "Action object (12)", "action_flag": 3, "change_message": ""}}, {"model": "admin.logentry", "pk": 41, "fields": {"action_time": "2020-02-11T19:43:38.212Z", "user": 1, "content_type": 17, "object_id": "11", "object_repr": "Action object (11)", "action_flag": 3, "change_message": ""}}, {"model": "admin.logentry", "pk": 42, "fields": {"action_time": "2020-02-11T19:43:38.214Z", "user": 1, "content_type": 17, "object_id": "8", "object_repr": "Action object (8)", "action_flag": 3, "change_message": ""}}, {"model": "admin.logentry", "pk": 43, "fields": {"action_time": "2020-02-11T19:43:38.217Z", "user": 1, "content_type": 17, "object_id": "7", "object_repr": "Action object (7)", "action_flag": 3, "change_message": ""}}, {"model": "admin.logentry", "pk": 44, "fields": {"action_time": "2020-02-11T19:43:38.219Z", "user": 1, "content_type": 17, "object_id": "6", "object_repr": "Action object (6)", "action_flag": 3, "change_message": ""}}, {"model": "admin.logentry", "pk": 45, "fields": {"action_time": "2020-02-11T19:43:38.221Z", "user": 1, "content_type": 17, "object_id": "5", "object_repr": "Action object (5)", "action_flag": 3, "change_message": ""}}, {"model": "admin.logentry", "pk": 46, "fields": {"action_time": "2020-02-11T19:43:38.223Z", "user": 1, "content_type": 17, "object_id": "3", "object_repr": "Action object (3)", "action_flag": 3, "change_message": ""}}, {"model": "admin.logentry", "pk": 47, "fields": {"action_time": "2020-02-11T19:43:38.224Z", "user": 1, "content_type": 17, "object_id": "2", "object_repr": "Action object (2)", "action_flag": 3, "change_message": ""}}, {"model": "admin.logentry", "pk": 48, "fields": {"action_time": "2020-02-11T19:43:38.226Z", "user": 1, "content_type": 17, "object_id": "1", "object_repr": "Action object (1)", "action_flag": 3, "change_message": ""}}, {"model": "admin.logentry", "pk": 49, "fields": {"action_time": "2020-02-11T19:44:23.133Z", "user": 1, "content_type": 17, "object_id": "16", "object_repr": "Action object (16)", "action_flag": 3, "change_message": ""}}, {"model": "admin.logentry", "pk": 50, "fields": {"action_time": "2020-02-11T21:23:35.892Z", "user": 1, "content_type": 7, "object_id": "6", "object_repr": "Profile for user anonymous", "action_flag": 2, "change_message": "[{\"changed\": {\"fields\": [\"photo\"]}}]"}}, {"model": "admin.logentry", "pk": 51, "fields": {"action_time": "2020-02-11T21:24:12.118Z", "user": 1, "content_type": 7, "object_id": "8", "object_repr": "Profile for user Chris", "action_flag": 2, "change_message": "[{\"changed\": {\"fields\": [\"photo\"]}}]"}}, {"model": "account.contact", "pk": 8, "fields": {"user_from": 1, "user_to": 4, "created": "2020-02-08T23:39:54.211Z"}}, {"model": "account.contact", "pk": 17, "fields": {"user_from": 6, "user_to": 5, "created": "2020-02-11T01:34:51.796Z"}}, {"model": "account.contact", "pk": 20, "fields": {"user_from": 6, "user_to": 1, "created": "2020-02-11T02:15:13.077Z"}}, {"model": "account.contact", "pk": 21, "fields": {"user_from": 1, "user_to": 5, "created": "2020-02-11T19:58:25.066Z"}}, {"model": "account.contact", "pk": 22, "fields": {"user_from": 1, "user_to": 1, "created": "2020-02-11T20:29:55.404Z"}}, {"model": "account.contact", "pk": 23, "fields": {"user_from": 1, "user_to": 3, "created": "2020-02-11T21:29:50.867Z"}}, {"model": "account.contact", "pk": 61, "fields": {"user_from": 1, "user_to": 2, "created": "2020-02-11T22:08:49.288Z"}}, {"model": "account.contact", "pk": 62, "fields": {"user_from": 1, "user_to": 6, "created": "2020-02-11T22:11:27.431Z"}}, {"model": "account.contact", "pk": 63, "fields": {"user_from": 1, "user_to": 7, "created": "2020-02-11T22:11:39.424Z"}}, {"model": "account.contact", "pk": 65, "fields": {"user_from": 1, "user_to": 8, "created": "2020-02-11T22:12:49.481Z"}}, {"model": "account.profile", "pk": 1, "fields": {"user": 3, "date_of_birth": null, "photo": "users/2020/02/08/sasha-freemind-nXo2ZsKHTHg-unsplash.jpg"}}, {"model": "account.profile", "pk": 2, "fields": {"user": 4, "date_of_birth": null, "photo": "users/2020/02/08/kindpng_4212792.png"}}, {"model": "account.profile", "pk": 3, "fields": {"user": 5, "date_of_birth": "2020-02-08", "photo": "users/2020/02/08/kindpng_4212792_fF2YYFN.png"}}, {"model": "account.profile", "pk": 4, "fields": {"user": 2, "date_of_birth": null, "photo": "users/2020/02/08/jackson-david-I-mRsT0FVUw-unsplash.jpg"}}, {"model": "account.profile", "pk": 5, "fields": {"user": 1, "date_of_birth": null, "photo": "users/2020/02/11/kindpng_4212792.png"}}, {"model": "account.profile", "pk": 6, "fields": {"user": 6, "date_of_birth": null, "photo": "users/2020/02/11/jackson-david-I-mRsT0FVUw-unsplash.jpg"}}, {"model": "account.profile", "pk": 7, "fields": {"user": 7, "date_of_birth": null, "photo": "img/pic.png"}}, {"model": "account.profile", "pk": 8, "fields": {"user": 8, "date_of_birth": null, "photo": "users/2020/02/11/tamara-bellis-JeakE5SZCug-unsplash.jpg"}}]